sp|P43220|GLP1R_HUMAN,Glucagon-like peptide 1 receptor OS=Homo sapiens OX=9606 GN=GLP1R PE=1 SV=2,9606
tr|H2QSY0|H2QSY0_PANTR,GLP1R isoform 1 OS=Pan troglodytes OX=9598 GN=GLP1R PE=3 SV=1,9598
tr|G3RF24|G3RF24_GORGO,Glucagon like peptide 1 receptor OS=Gorilla gorilla gorilla OX=9595 PE=3 SV=2,9595
tr|A0A2R9AQ36|A0A2R9AQ36_PANPA,Glucagon like peptide 1 receptor OS=Pan paniscus OX=9597 GN=GLP1R PE=3 SV=1,9597
tr|H2PIX8|H2PIX8_PONAB,GLP1R isoform 1 OS=Pongo abelii OX=9601 GN=GLP1R PE=3 SV=1,9601
tr|A0A2K5ZYN4|A0A2K5ZYN4_MANLE,Glucagon like peptide 1 receptor OS=Mandrillus leucophaeus OX=9568 GN=GLP1R PE=3 SV=1,9568
tr|A0A2K5P7D9|A0A2K5P7D9_CERAT,Glucagon like peptide 1 receptor OS=Cercocebus atys OX=9531 GN=GLP1R PE=3 SV=1,9531
tr|A0A096NHY6|A0A096NHY6_PAPAN,Glucagon like peptide 1 receptor OS=Papio anubis OX=9555 GN=GLP1R PE=3 SV=2,9555
tr|A0A0D9REZ4|A0A0D9REZ4_CHLSB,Glucagon like peptide 1 receptor OS=Chlorocebus sabaeus OX=60711 GN=GLP1R PE=3 SV=1,60711
tr|A0A2K6BF82|A0A2K6BF82_MACNE,Glucagon like peptide 1 receptor OS=Macaca nemestrina OX=9545 GN=GLP1R PE=3 SV=1,9545
tr|G7P3E0|G7P3E0_MACFA,Uncharacterized protein OS=Macaca fascicularis OX=9541 GN=EGM_13564 PE=3 SV=1,9541
tr|F7E3K6|F7E3K6_MACMU,Glucagon like peptide 1 receptor OS=Macaca mulatta OX=9544 GN=GLP1R PE=3 SV=2,9544
tr|A0A2I3HAI5|A0A2I3HAI5_NOMLE,Glucagon like peptide 1 receptor OS=Nomascus leucogenys OX=61853 GN=GLP1R PE=3 SV=1,61853
tr|A0A3Q0EBD1|A0A3Q0EBD1_TARSY,glucagon-like peptide 1 receptor OS=Tarsius syrichta OX=1868482 GN=GLP1R PE=4 SV=1,1868482
tr|F7I191|F7I191_CALJA,Glucagon like peptide 1 receptor OS=Callithrix jacchus OX=9483 GN=GLP1R PE=3 SV=2,9483
tr|H0WM87|H0WM87_OTOGA,Glucagon like peptide 1 receptor OS=Otolemur garnettii OX=30611 GN=GLP1R PE=3 SV=1,30611
tr|F1RVR1|F1RVR1_PIG,Glucagon-like peptide-1 receptor OS=Sus scrofa OX=9823 GN=GLP1R PE=2 SV=2,9823
tr|W5Q4G0|W5Q4G0_SHEEP,Glucagon like peptide 1 receptor OS=Ovis aries OX=9940 GN=GLP1R PE=3 SV=1,9940
tr|E1BHF7|E1BHF7_BOVIN,Glucagon like peptide 1 receptor OS=Bos taurus OX=9913 GN=GLP1R PE=3 SV=1,9913
tr|A0A384BEE1|A0A384BEE1_BALAS,glucagon-like peptide 1 receptor OS=Balaenoptera acutorostrata scammoni OX=310752 GN=GLP1R PE=3 SV=1,310752
tr|A0A2Y9SK94|A0A2Y9SK94_PHYCD,glucagon-like peptide 1 receptor OS=Physeter catodon OX=9755 GN=GLP1R PE=3 SV=1,9755
tr|A0A2Y9NX78|A0A2Y9NX78_DELLE,glucagon-like peptide 1 receptor OS=Delphinapterus leucas OX=9749 GN=GLP1R PE=3 SV=1,9749
tr|A0A2U4CI94|A0A2U4CI94_TURTR,glucagon-like peptide 1 receptor OS=Tursiops truncatus OX=9739 GN=GLP1R PE=3 SV=1,9739
tr|I3M889|I3M889_ICTTR,Glucagon like peptide 1 receptor OS=Ictidomys tridecemlineatus OX=43179 GN=GLP1R PE=3 SV=2,43179
tr|G1PAK1|G1PAK1_MYOLU,Glucagon like peptide 1 receptor OS=Myotis lucifugus OX=59463 GN=GLP1R PE=3 SV=1,59463
tr|G1SGD4|G1SGD4_RABIT,Glucagon like peptide 1 receptor OS=Oryctolagus cuniculus OX=9986 GN=GLP1R PE=1 SV=2,9986
tr|A0A3Q0CKL8|A0A3Q0CKL8_MESAU,glucagon-like peptide 1 receptor OS=Mesocricetus auratus OX=10036 GN=Glp1r PE=4 SV=1,10036
tr|G3HLD4|G3HLD4_CRIGR,Glucagon-like peptide 1 receptor (Fragment) OS=Cricetulus griseus OX=10029 GN=I79_011522 PE=3 SV=1,10029
sp|O35659|GLP1R_MOUSE,Glucagon-like peptide 1 receptor OS=Mus musculus OX=10090 GN=Glp1r PE=1 SV=2,10090
sp|P32301|GLP1R_RAT,Glucagon-like peptide 1 receptor OS=Rattus norvegicus OX=10116 GN=Glp1r PE=2 SV=1,10116
tr|G5B9F2|G5B9F2_HETGA,Glucagon-like peptide 1 receptor OS=Heterocephalus glaber OX=10181 GN=GW7_08994 PE=3 SV=1,10181
tr|A0A091D9Q2|A0A091D9Q2_FUKDA,Glucagon-like peptide 1 receptor OS=Fukomys damarensis OX=885580 GN=H920_11621 PE=3 SV=1,885580
tr|H0VTD3|H0VTD3_CAVPO,Glucagon like peptide 1 receptor OS=Cavia porcellus OX=10141 GN=GLP1R PE=3 SV=2,10141
tr|A0A1S3G876|A0A1S3G876_DIPOR,glucagon-like peptide 1 receptor OS=Dipodomys ordii OX=10020 GN=Glp1r PE=3 SV=1,10020
tr|A0A1S2ZDW7|A0A1S2ZDW7_ERIEU,glucagon-like peptide 1 receptor OS=Erinaceus europaeus OX=9365 GN=GLP1R PE=3 SV=1,9365
tr|L5JQE1|L5JQE1_PTEAL,Glucagon-like peptide 1 receptor OS=Pteropus alecto OX=9402 GN=PAL_GLEAN10025472 PE=3 SV=1,9402
tr|G3SU22|G3SU22_LOXAF,Glucagon like peptide 1 receptor OS=Loxodonta africana OX=9785 GN=GLP1R PE=3 SV=1,9785
tr|A0A2Y9R5V5|A0A2Y9R5V5_TRIMA,glucagon-like peptide 1 receptor OS=Trichechus manatus latirostris OX=127582 GN=LOC101354433 PE=3 SV=1,127582
tr|F6WQ12|F6WQ12_HORSE,Glucagon like peptide 1 receptor OS=Equus caballus OX=9796 GN=GLP1R PE=3 SV=1,9796
tr|J9JHK2|J9JHK2_CANLF,Glucagon like peptide 1 receptor OS=Canis lupus familiaris OX=9615 GN=GLP1R PE=3 SV=1,9615
tr|M3W5V1|M3W5V1_FELCA,Glucagon like peptide 1 receptor OS=Felis catus OX=9685 GN=GLP1R PE=3 SV=3,9685
tr|A0A2U3Z782|A0A2U3Z782_LEPWE,glucagon-like peptide 1 receptor-like OS=Leptonychotes weddellii OX=9713 GN=LOC102748835 PE=3 SV=1,9713
tr|A0A2U3WR40|A0A2U3WR40_ODORO,glucagon-like peptide 1 receptor OS=Odobenus rosmarus divergens OX=9708 GN=GLP1R PE=3 SV=1,9708
tr|M3YQU3|M3YQU3_MUSPF,Glucagon like peptide 1 receptor OS=Mustela putorius furo OX=9669 GN=GLP1R PE=3 SV=1,9669
tr|G1M570|G1M570_AILME,Uncharacterized protein OS=Ailuropoda melanoleuca OX=9646 PE=3 SV=1,9646
tr|A0A384DNG6|A0A384DNG6_URSMA,glucagon-like peptide 1 receptor OS=Ursus maritimus OX=29073 GN=GLP1R PE=3 SV=1,29073
tr|F6ZL39|F6ZL39_MONDO,Glucagon like peptide 1 receptor OS=Monodelphis domestica OX=13616 GN=GLP1R PE=3 SV=1,13616
tr|G3VY87|G3VY87_SARHA,Uncharacterized protein OS=Sarcophilus harrisii OX=9305 PE=4 SV=1,9305
tr|F6RAT4|F6RAT4_ORNAN,Glucagon like peptide 1 receptor OS=Ornithorhynchus anatinus OX=9258 GN=GLP1R PE=3 SV=1,9258
tr|G1KA26|G1KA26_ANOCA,Glucagon like peptide 1 receptor OS=Anolis carolinensis OX=28377 GN=GLP1R PE=3 SV=1,28377
tr|K7FB39|K7FB39_PELSI,Glucagon like peptide 1 receptor OS=Pelodiscus sinensis OX=13735 GN=GLP1R PE=3 SV=1,13735
tr|A0A151P334|A0A151P334_ALLMI,Glucagon-like peptide 1 receptor OS=Alligator mississippiensis OX=8496 GN=GLP1R PE=3 SV=1,8496
tr|A0A3Q0G1T8|A0A3Q0G1T8_ALLSI,LOW QUALITY PROTEIN: glucagon-like peptide 1 receptor OS=Alligator sinensis OX=38654 GN=GLP1R PE=4 SV=1,38654
tr|A0A093IB47|A0A093IB47_DRYPU,Glucagon-like peptide 1 receptor (Fragment) OS=Dryobates pubescens OX=118200 GN=N307_10292 PE=3 SV=1,118200
tr|A0A091WYS1|A0A091WYS1_OPIHO,Glucagon-like peptide 1 receptor (Fragment) OS=Opisthocomus hoazin OX=30419 GN=N306_02408 PE=3 SV=1,30419
tr|A0A091VZI1|A0A091VZI1_NIPNI,Glucagon-like peptide 1 receptor (Fragment) OS=Nipponia nippon OX=128390 GN=Y956_09363 PE=3 SV=1,128390
tr|A0A0A0A6K1|A0A0A0A6K1_CHAVO,Glucagon-like peptide 1 receptor (Fragment) OS=Charadrius vociferus OX=50402 GN=N301_13751 PE=3 SV=1,50402
tr|B4ZY91|B4ZY91_CHICK,Glucagon-like peptide 1 receptor OS=Gallus gallus OX=9031 GN=GLP-1R PE=2 SV=1,9031
tr|G1NDT0|G1NDT0_MELGA,Glucagon like peptide 1 receptor OS=Meleagris gallopavo OX=9103 GN=GLP1R PE=3 SV=2,9103
tr|A0A226NE26|A0A226NE26_CALSU,Uncharacterized protein OS=Callipepla squamata OX=9009 GN=ASZ78_008862 PE=3 SV=1,9009
tr|A0A226PA54|A0A226PA54_COLVI,Uncharacterized protein OS=Colinus virginianus OX=9014 GN=H355_014505 PE=3 SV=1,9014
tr|U3IBL2|U3IBL2_ANAPL,Glucagon like peptide 1 receptor OS=Anas platyrhynchos OX=8839 GN=GLP1R PE=3 SV=1,8839
tr|A0A099ZMC2|A0A099ZMC2_TINGU,Glucagon-like peptide 1 receptor (Fragment) OS=Tinamus guttatus OX=94827 GN=N309_15385 PE=3 SV=1,94827
tr|A0A2I0MAF4|A0A2I0MAF4_COLLI,Glucagon-like peptide 1 receptor OS=Columba livia OX=8932 GN=GLP1R PE=3 SV=1,8932
tr|A0A1V4JJS4|A0A1V4JJS4_PATFA,Glucagon-like peptide 1 receptor isoform B OS=Patagioenas fasciata monilis OX=372326 GN=GLP1R PE=3 SV=1,372326
tr|A0A091GX48|A0A091GX48_9AVES,Glucagon-like peptide 1 receptor (Fragment) OS=Cuculus canorus OX=55661 GN=N303_04563 PE=3 SV=1,55661
tr|A0A087RAP5|A0A087RAP5_APTFO,Glucagon-like peptide 1 receptor (Fragment) OS=Aptenodytes forsteri OX=9233 GN=AS27_08596 PE=3 SV=1,9233
tr|A0A091ILM2|A0A091ILM2_EGRGA,Glucagon-like peptide 1 receptor (Fragment) OS=Egretta garzetta OX=188379 GN=Z169_04027 PE=3 SV=1,188379
tr|A0A091I0X9|A0A091I0X9_CALAN,Glucagon-like peptide 1 receptor (Fragment) OS=Calypte anna OX=9244 GN=N300_12181 PE=3 SV=1,9244
tr|A0A093T2M1|A0A093T2M1_9PASS,Glucagon-like peptide 1 receptor (Fragment) OS=Manacus vitellinus OX=328815 GN=N305_05982 PE=3 SV=1,328815
tr|H0ZBN2|H0ZBN2_TAEGU,Glucagon like peptide 1 receptor OS=Taeniopygia guttata OX=59729 GN=GLP1R PE=3 SV=1,59729
tr|A0A091F4N8|A0A091F4N8_CORBR,Glucagon-like peptide 1 receptor (Fragment) OS=Corvus brachyrhynchos OX=85066 GN=N302_04574 PE=3 SV=1,85066
tr|U3K8W3|U3K8W3_FICAL,Glucagon like peptide 1 receptor OS=Ficedula albicollis OX=59894 GN=GLP1R PE=3 SV=1,59894
tr|A0A0Q3TAA2|A0A0Q3TAA2_AMAAE,Glucagon-like peptide 1 receptor OS=Amazona aestiva OX=12930 GN=AAES_126129 PE=3 SV=1,12930
tr|A0A2Y9JPL5|A0A2Y9JPL5_ENHLU,glucagon-like peptide 1 receptor OS=Enhydra lutris kenyoni OX=391180 GN=LOC111147798 PE=3 SV=1,391180
